123, Micaela, 41555454, 1123239876, Av la plata 123123
11, Marisol, 23456789, 1121234876, Rivadavia 4343
13, Sofia, 98123456, 1122727876, Jujuy 7775
12,Carla,23237777,11898989,muniz 333
88,Ramona,15778987,11898989,yapeyu 7776
12,Carla,23237777,11898989,muniz 333
88,Ramona,15778987,11898989,yapeyu 7776
12,Carla,23237777,11898989,muniz 333
88,Ramona,15778987,11898989,yapeyu 7776
12,Carla,23237777,11898989,muniz 333
88,Ramona,15778987,11898989,yapeyu 7776
12,Carla,23237777,11898989,muniz 333
88,Ramona,15778987,11898989,yapeyu 7776